[
{
  "model": "auth.user",
  "pk": 1,
  "fields": {
    "password": "pbkdf2_sha256$1200000$or5bg31Y9gMTAAZbDf0E2J$Of4Lzfhzc3eKwh4H2jStFjVP5CyqJDqTzd9ZeAFSBTI=",
    "last_login": "2026-01-31T03:51:42.273Z",
    "is_superuser": true,
    "username": "admin",
    "first_name": "ADMIN",
    "last_name": "",
    "email": "luisjoseespinozacuicas@gmail.com",
    "is_staff": true,
    "is_active": true,
    "date_joined": "2026-01-12T23:31:26.946Z",
    "groups": [],
    "user_permissions": []
  }
},
{
  "model": "auth.user",
  "pk": 2,
  "fields": {
    "password": "pbkdf2_sha256$1200000$DviGskb2yq97uRU7B9dmmT$UgjpXTGc3Ky0+BRHcVSH/xNkIcBVhN/zNY2psoPwxSg=",
    "last_login": "2026-01-31T04:42:27.910Z",
    "is_superuser": false,
    "username": "123",
    "first_name": "samuel",
    "last_name": "",
    "email": "luisjespinozac.01.02.2004@gmail.com",
    "is_staff": false,
    "is_active": true,
    "date_joined": "2026-01-12T23:53:56.301Z",
    "groups": [],
    "user_permissions": []
  }
},
{
  "model": "auth.user",
  "pk": 7,
  "fields": {
    "password": "pbkdf2_sha256$1200000$Di2pksEk2a7PivhJF8oQ6N$sH2jfcDUZMHCivKpQqxgpgU5On/c3Lnfn9w/E1VjeaI=",
    "last_login": "2026-01-31T03:26:10.213Z",
    "is_superuser": false,
    "username": "20777980",
    "first_name": "Jose",
    "last_name": "",
    "email": "correo@gmail.com",
    "is_staff": false,
    "is_active": true,
    "date_joined": "2026-01-31T03:23:33.387Z",
    "groups": [],
    "user_permissions": []
  }
},
{
  "model": "sessions.session",
  "pk": "lxen3b303irye05kirj461qf0kiu02t0",
  "fields": {
    "session_data": ".eJxVjMsOwiAQRf-FtSE8pAwu3fcbyAwDUjU0Ke3K-O_apAvd3nPOfYmI21rj1vMSJxYXocXpdyNMj9x2wHdst1mmua3LRHJX5EG7HGfOz-vh_h1U7PVbK0XZOY0OAgEClqJZMSsDZDwQZNCFApph8JQMZWtLUNYCenbozFm8P-4hN_0:1vlqpB:FKC3--5O1NhrwxXrGYJ8xF20eJVm89OIzIsTiGHKWw8",
    "expire_date": "2026-02-13T15:54:21.081Z"
  }
},
{
  "model": "sessions.session",
  "pk": "stnqlx6jsbygwfimqavty74p9xfjg2xk",
  "fields": {
    "session_data": ".eJxVjMsOwiAQRf-FtSE8pAwu3fcbyAwDUjU0Ke3K-O_apAvd3nPOfYmI21rj1vMSJxYXocXpdyNMj9x2wHdst1mmua3LRHJX5EG7HGfOz-vh_h1U7PVbK0XZOY0OAgEClqJZMSsDZDwQZNCFApph8JQMZWtLUNYCenbozFm8P-4hN_0:1vlqo4:Wjvxy8LMMczdhUIJC6TjNIWqmxCB4A0n2V735CE7aOE",
    "expire_date": "2026-02-13T15:53:12.205Z"
  }
},
{
  "model": "core.perfil",
  "pk": "6b35a696-a815-4076-be24-474bfca4c733",
  "fields": {
    "usuario": 2,
    "dni_carnet": "123",
    "direccion": "cardon",
    "telefono": "12345",
    "foto_perfil": "perfiles/3d72f3a51007fe261808ac09e309d729_8jUZMlj.jpg",
    "rol": "USUARIO",
    "estado": "ACTIVO"
  }
},
{
  "model": "core.perfil",
  "pk": "a3d38336-f010-11f0-a3ea-0023812c6809",
  "fields": {
    "usuario": 1,
    "dni_carnet": "ADMIN-001",
    "direccion": "Sede Principal",
    "telefono": "0000000000",
    "foto_perfil": "perfiles/rrp.png",
    "rol": "ADMIN",
    "estado": "ACTIVO"
  }
},
{
  "model": "core.perfil",
  "pk": "ac19d601-c195-472e-997b-30eb4a4fdee7",
  "fields": {
    "usuario": 7,
    "dni_carnet": "20777980",
    "direccion": "punto fijo",
    "telefono": "sanchez",
    "foto_perfil": "perfiles/2413022_VFaBbvD.jpg",
    "rol": "USUARIO",
    "estado": "ACTIVO"
  }
},
{
  "model": "core.referenciapersonal",
  "pk": 1,
  "fields": {
    "perfil": "6b35a696-a815-4076-be24-474bfca4c733",
    "nombre": "lilian",
    "telefono": "12345",
    "relacion": "madre"
  }
},
{
  "model": "core.referenciapersonal",
  "pk": 2,
  "fields": {
    "perfil": "6b35a696-a815-4076-be24-474bfca4c733",
    "nombre": "luis",
    "telefono": "12345",
    "relacion": "hermano"
  }
},
{
  "model": "core.referenciapersonal",
  "pk": 7,
  "fields": {
    "perfil": "ac19d601-c195-472e-997b-30eb4a4fdee7",
    "nombre": "jesus",
    "telefono": "",
    "relacion": "madre"
  }
},
{
  "model": "catalog.autor",
  "pk": 4,
  "fields": {
    "nombre_completo": "Tulio Arends"
  }
},
{
  "model": "catalog.autor",
  "pk": 5,
  "fields": {
    "nombre_completo": "Max De Leon Calles"
  }
},
{
  "model": "catalog.autor",
  "pk": 6,
  "fields": {
    "nombre_completo": "Sin Autor"
  }
},
{
  "model": "catalog.autor",
  "pk": 7,
  "fields": {
    "nombre_completo": "Luis Bueno"
  }
},
{
  "model": "catalog.autor",
  "pk": 8,
  "fields": {
    "nombre_completo": "Andrew Tanenbaum"
  }
},
{
  "model": "catalog.autor",
  "pk": 9,
  "fields": {
    "nombre_completo": "Hector Hidalgo"
  }
},
{
  "model": "catalog.autor",
  "pk": 10,
  "fields": {
    "nombre_completo": " Josefa Lujan"
  }
},
{
  "model": "catalog.autor",
  "pk": 11,
  "fields": {
    "nombre_completo": "Ricardo Búlmez"
  }
},
{
  "model": "catalog.autor",
  "pk": 12,
  "fields": {
    "nombre_completo": " Fernando Savater"
  }
},
{
  "model": "catalog.autor",
  "pk": 13,
  "fields": {
    "nombre_completo": "Axel Capriles"
  }
},
{
  "model": "catalog.autor",
  "pk": 14,
  "fields": {
    "nombre_completo": "Marco Aurelio"
  }
},
{
  "model": "catalog.autor",
  "pk": 15,
  "fields": {
    "nombre_completo": "Daniel Goleman"
  }
},
{
  "model": "catalog.autor",
  "pk": 16,
  "fields": {
    "nombre_completo": "Jean Paul Sartre"
  }
},
{
  "model": "catalog.autor",
  "pk": 17,
  "fields": {
    "nombre_completo": "Abelardo Coronado"
  }
},
{
  "model": "catalog.autor",
  "pk": 18,
  "fields": {
    "nombre_completo": "varios"
  }
},
{
  "model": "catalog.autor",
  "pk": 19,
  "fields": {
    "nombre_completo": "Arcadio Gonzalez Acosta"
  }
},
{
  "model": "catalog.autor",
  "pk": 20,
  "fields": {
    "nombre_completo": "PDVSA"
  }
},
{
  "model": "catalog.autor",
  "pk": 21,
  "fields": {
    "nombre_completo": "CICAR"
  }
},
{
  "model": "catalog.editorial",
  "pk": 4,
  "fields": {
    "nombre": "santillana"
  }
},
{
  "model": "catalog.editorial",
  "pk": 5,
  "fields": {
    "nombre": "Sin Editorial"
  }
},
{
  "model": "catalog.editorial",
  "pk": 6,
  "fields": {
    "nombre": "ABC Editorial"
  }
},
{
  "model": "catalog.editorial",
  "pk": 7,
  "fields": {
    "nombre": "Alfaguara"
  }
},
{
  "model": "catalog.editorial",
  "pk": 8,
  "fields": {
    "nombre": "Corpofalcón"
  }
},
{
  "model": "catalog.editorial",
  "pk": 9,
  "fields": {
    "nombre": "Perason"
  }
},
{
  "model": "catalog.editorial",
  "pk": 10,
  "fields": {
    "nombre": "Urania"
  }
},
{
  "model": "catalog.editorial",
  "pk": 11,
  "fields": {
    "nombre": "Pearson"
  }
},
{
  "model": "catalog.editorial",
  "pk": 12,
  "fields": {
    "nombre": "Ariel"
  }
},
{
  "model": "catalog.editorial",
  "pk": 13,
  "fields": {
    "nombre": "Sociedades Bíblicas"
  }
},
{
  "model": "catalog.editorial",
  "pk": 14,
  "fields": {
    "nombre": "Miranda"
  }
},
{
  "model": "catalog.genero",
  "pk": 3,
  "fields": {
    "nombre": "Generalidades",
    "codigo_dewey": "000"
  }
},
{
  "model": "catalog.genero",
  "pk": 4,
  "fields": {
    "nombre": "Filosofía & Psicología",
    "codigo_dewey": "100"
  }
},
{
  "model": "catalog.genero",
  "pk": 5,
  "fields": {
    "nombre": "Religión",
    "codigo_dewey": "200"
  }
},
{
  "model": "catalog.genero",
  "pk": 6,
  "fields": {
    "nombre": "Ciencias Sociales",
    "codigo_dewey": "300"
  }
},
{
  "model": "catalog.libro",
  "pk": "0188ff1a-e322-42ef-91ad-f2d53c9e8037",
  "fields": {
    "titulo": "La orientación de la prensa diaria",
    "cutter": "H632",
    "descripcion": "Análisis sobre la línea editorial y el impacto social de los diarios falconianos.",
    "imagen_portada": "",
    "fecha_creacion": "2026-01-28T05:28:29.418Z",
    "fecha_modificacion": "2026-01-28T05:28:29.418Z",
    "autores": [
      5,
      9
    ],
    "generos": [
      3
    ]
  }
},
{
  "model": "catalog.libro",
  "pk": "01edf98f-c9d9-4fda-b042-5d28546d7e12",
  "fields": {
    "titulo": "Meditaciones",
    "cutter": "M321",
    "descripcion": "Pensamientos del emperador romano sobre la disciplina, la vida y el estoicismo.",
    "imagen_portada": "",
    "fecha_creacion": "2026-01-28T05:51:24.424Z",
    "fecha_modificacion": "2026-01-28T05:51:24.424Z",
    "autores": [
      14
    ],
    "generos": [
      4
    ]
  }
},
{
  "model": "catalog.libro",
  "pk": "097f2852-aa1d-40d0-8291-773ee41f81a8",
  "fields": {
    "titulo": "La Búsqueda de la información Cinetífica",
    "cutter": "A681",
    "descripcion": "Guía Metodológica fundamental para investigadores sobre el manejo de fuentes bibliograficas",
    "imagen_portada": "",
    "fecha_creacion": "2026-01-28T05:03:21.978Z",
    "fecha_modificacion": "2026-01-28T05:03:21.978Z",
    "autores": [
      4
    ],
    "generos": [
      3
    ]
  }
},
{
  "model": "catalog.libro",
  "pk": "0e43a8a1-e00e-4a30-9049-3aa3515e14e6",
  "fields": {
    "titulo": "Inteligencia Emocional",
    "cutter": "G543",
    "descripcion": "Importancia de las emociones en el éxito profesional y personal.",
    "imagen_portada": "",
    "fecha_creacion": "2026-01-28T05:57:45.236Z",
    "fecha_modificacion": "2026-01-28T05:57:45.236Z",
    "autores": [
      15
    ],
    "generos": [
      4
    ]
  }
},
{
  "model": "catalog.libro",
  "pk": "2705851b-6873-4ce1-9080-098f4c345695",
  "fields": {
    "titulo": "Ética para Amador",
    "cutter": "S211",
    "descripcion": "Invitación a la ética explicada de forma sencilla para jóvenes.",
    "imagen_portada": "",
    "fecha_creacion": "2026-01-28T05:42:08.568Z",
    "fecha_modificacion": "2026-01-28T05:42:08.568Z",
    "autores": [
      7,
      9,
      12
    ],
    "generos": [
      4
    ]
  }
},
{
  "model": "catalog.libro",
  "pk": "3d0cbf00-476d-40a3-aba9-8a58298fa488",
  "fields": {
    "titulo": "Guía de turismo del Estado Falcón",
    "cutter": "G943",
    "descripcion": "Información detallada sobre geografía, hoteles y monumentos del estado Falcón.",
    "imagen_portada": "",
    "fecha_creacion": "2026-01-28T05:17:23.521Z",
    "fecha_modificacion": "2026-01-28T05:17:23.521Z",
    "autores": [
      6
    ],
    "generos": [
      3
    ]
  }
},
{
  "model": "catalog.libro",
  "pk": "4389a838-84e5-4785-8605-700962afafd8",
  "fields": {
    "titulo": "Falcón hacia su desarrollo integral",
    "cutter": "C341",
    "descripcion": "Planificación estratégica para el crecimiento económico y social del estado.",
    "imagen_portada": "",
    "fecha_creacion": "2026-01-31T04:21:52.361Z",
    "fecha_modificacion": "2026-01-31T04:21:52.361Z",
    "autores": [
      21
    ],
    "generos": [
      6
    ]
  }
},
{
  "model": "catalog.libro",
  "pk": "48b90aba-df11-4b4d-9d67-fcac41641841",
  "fields": {
    "titulo": "El Arte de Combinar el Si con el No",
    "cutter": "B938",
    "descripcion": "Reflexiones sobre el equilibrio psicológico y la asertividad en las relaciones humanas.",
    "imagen_portada": "",
    "fecha_creacion": "2026-01-28T05:35:40.869Z",
    "fecha_modificacion": "2026-01-28T05:36:34.328Z",
    "autores": [
      11
    ],
    "generos": [
      4
    ]
  }
},
{
  "model": "catalog.libro",
  "pk": "5ddff849-9e8f-416e-94a6-a5708eafac22",
  "fields": {
    "titulo": "Introducción a la Bibliotecología",
    "cutter": "L991",
    "descripcion": "Manual sobre la organización de bibliotecas y sistemas de clasificación.",
    "imagen_portada": "",
    "fecha_creacion": "2026-01-28T05:30:20.942Z",
    "fecha_modificacion": "2026-01-28T05:30:20.942Z",
    "autores": [
      10
    ],
    "generos": [
      3
    ]
  }
},
{
  "model": "catalog.libro",
  "pk": "66f175e3-97b4-4b40-bb32-986b30c82272",
  "fields": {
    "titulo": "Psicología del Venezolano",
    "cutter": "M654",
    "descripcion": "Ensayo sobre el comportamiento y los arquetipos de la sociedad venezolana.",
    "imagen_portada": "",
    "fecha_creacion": "2026-01-28T05:48:32.192Z",
    "fecha_modificacion": "2026-01-28T05:48:32.192Z",
    "autores": [
      13
    ],
    "generos": [
      4
    ]
  }
},
{
  "model": "catalog.libro",
  "pk": "71dbbadb-eff4-4773-be7b-59f2100e4c8c",
  "fields": {
    "titulo": "Los Manuscritos del Mar Muerto",
    "cutter": "M222",
    "descripcion": "Estudio de los rollos de Qumrán y su impacto en el estudio bíblico.",
    "imagen_portada": "",
    "fecha_creacion": "2026-01-31T04:04:09.243Z",
    "fecha_modificacion": "2026-01-31T04:04:09.243Z",
    "autores": [
      16,
      15
    ],
    "generos": [
      5
    ]
  }
},
{
  "model": "catalog.libro",
  "pk": "80f4aaa2-0687-4691-a4fd-d69efce92918",
  "fields": {
    "titulo": "Biografía del Estado Falcón",
    "cutter": "B928",
    "descripcion": "Un recorrido por los datos más relevantes de la historia y formación de la entidad.",
    "imagen_portada": "",
    "fecha_creacion": "2026-01-28T05:22:04.122Z",
    "fecha_modificacion": "2026-01-28T05:22:04.122Z",
    "autores": [
      4,
      7
    ],
    "generos": [
      3
    ]
  }
},
{
  "model": "catalog.libro",
  "pk": "86b6ffb6-5435-4069-ac2e-d310b8de719c",
  "fields": {
    "titulo": "Así habló Zaratustra",
    "cutter": "N556",
    "descripcion": "El relato de la muerte de Dios y el camino hacia el superhombre",
    "imagen_portada": "",
    "fecha_creacion": "2026-01-28T16:21:59.772Z",
    "fecha_modificacion": "2026-01-28T16:21:59.772Z",
    "autores": [
      16
    ],
    "generos": [
      4
    ]
  }
},
{
  "model": "catalog.libro",
  "pk": "a61eb264-e89b-40ca-91dd-cd28cffc3a12",
  "fields": {
    "titulo": "Sistemas Operativos Modernos",
    "cutter": "T148",
    "descripcion": "Texto clásico sobre el diseño y arquitectura de los sistemas operativos actuales.",
    "imagen_portada": "",
    "fecha_creacion": "2026-01-28T05:25:18.138Z",
    "fecha_modificacion": "2026-01-28T05:25:18.138Z",
    "autores": [
      8
    ],
    "generos": [
      3
    ]
  }
},
{
  "model": "catalog.libro",
  "pk": "b1267a24-d9ee-40cf-ae83-408c0d322253",
  "fields": {
    "titulo": "La Cultura Falconiana",
    "cutter": "A458",
    "descripcion": "Un análisis sociológico de las raíces y la evolución del ser falconiano.",
    "imagen_portada": "libros/Cultura_Falconiana.jpg",
    "fecha_creacion": "2026-01-31T04:08:15.066Z",
    "fecha_modificacion": "2026-01-31T04:08:15.066Z",
    "autores": [
      4
    ],
    "generos": [
      6
    ]
  }
},
{
  "model": "catalog.libro",
  "pk": "b9f518b5-21ae-4ef5-83d8-82b64e56cd5a",
  "fields": {
    "titulo": "La Biblia",
    "cutter": "B521",
    "descripcion": "Las sagradas escrituras del cristianismo en su versión clásica española.",
    "imagen_portada": "libros/60.jpg",
    "fecha_creacion": "2026-01-31T04:00:06.533Z",
    "fecha_modificacion": "2026-01-31T04:00:06.533Z",
    "autores": [
      18
    ],
    "generos": [
      5
    ]
  }
},
{
  "model": "catalog.libro",
  "pk": "bbfe4b87-9b34-4148-98b0-8652dbaf5ae8",
  "fields": {
    "titulo": "50 Años de Periodismo deportivo en Falcón",
    "cutter": "B346",
    "descripcion": "Recopilación histórica del desarrollo del periodismo deportivo y sus figuras regionales.",
    "imagen_portada": "",
    "fecha_creacion": "2026-01-28T05:15:06.172Z",
    "fecha_modificacion": "2026-01-28T05:15:06.172Z",
    "autores": [
      5
    ],
    "generos": [
      3
    ]
  }
},
{
  "model": "catalog.libro",
  "pk": "c2ab6c9e-3363-450b-83a4-2414ff4d50ad",
  "fields": {
    "titulo": "Jerusalén y su Misticismo",
    "cutter": "C822",
    "descripcion": "Estudio sobre la importancia espiritual de la ciudad santa para las tres religiones monoteístas.",
    "imagen_portada": "",
    "fecha_creacion": "2026-01-31T03:54:44.515Z",
    "fecha_modificacion": "2026-01-31T03:54:44.515Z",
    "autores": [
      17
    ],
    "generos": [
      5
    ]
  }
},
{
  "model": "catalog.libro",
  "pk": "cb0c948b-a8e1-404d-a405-81aa14a59efc",
  "fields": {
    "titulo": "Economía Regional: Estado Falcón",
    "cutter": "F821",
    "descripcion": "Estadísticas y análisis sobre los sectores productivos de la región falconiana.",
    "imagen_portada": "libros/gbrf10x8f540x540-pad450x450f8f8f8.jpg",
    "fecha_creacion": "2026-01-31T04:27:49.370Z",
    "fecha_modificacion": "2026-01-31T04:27:49.370Z",
    "autores": [
      12,
      14,
      17
    ],
    "generos": [
      6
    ]
  }
},
{
  "model": "catalog.libro",
  "pk": "daea83b0-cde5-49f6-b288-8da7779e1ec9",
  "fields": {
    "titulo": "Miranda y sus Parroquías",
    "cutter": "G643",
    "descripcion": "Desglose demográfico e histórico de la organización política del municipio capital.",
    "imagen_portada": "",
    "fecha_creacion": "2026-01-31T04:11:04.395Z",
    "fecha_modificacion": "2026-01-31T04:11:04.395Z",
    "autores": [
      19
    ],
    "generos": [
      6
    ]
  }
},
{
  "model": "catalog.libro",
  "pk": "e6ebd351-b871-433b-aee9-ff1aa54ffe92",
  "fields": {
    "titulo": "El Coloso Falcón (PDVSA)",
    "cutter": "P497",
    "descripcion": "Informe sobre la industria petrolera y su impacto social en el occidente venezolano.",
    "imagen_portada": "libros/OIP.webp",
    "fecha_creacion": "2026-01-31T04:17:19.895Z",
    "fecha_modificacion": "2026-01-31T04:17:19.895Z",
    "autores": [
      20
    ],
    "generos": [
      6
    ]
  }
},
{
  "model": "catalog.ubicacion",
  "pk": 5,
  "fields": {
    "sala": "ESTADAL",
    "estante": "estadal",
    "nivel": "Nivel 1A"
  }
},
{
  "model": "catalog.ubicacion",
  "pk": 6,
  "fields": {
    "sala": "ESTADAL",
    "estante": "estadal",
    "nivel": "Nivel 1B"
  }
},
{
  "model": "catalog.ubicacion",
  "pk": 7,
  "fields": {
    "sala": "ESTADAL",
    "estante": "estadal",
    "nivel": "Nivel 2A"
  }
},
{
  "model": "catalog.ubicacion",
  "pk": 8,
  "fields": {
    "sala": "ESTADAL",
    "estante": "estadal",
    "nivel": "Nivel 2B"
  }
},
{
  "model": "catalog.ubicacion",
  "pk": 9,
  "fields": {
    "sala": "ESTADAL",
    "estante": "estadal",
    "nivel": "Nivel 3A"
  }
},
{
  "model": "catalog.ubicacion",
  "pk": 10,
  "fields": {
    "sala": "ESTADAL",
    "estante": "estadal",
    "nivel": "NIVEL 3B"
  }
},
{
  "model": "catalog.ubicacion",
  "pk": 11,
  "fields": {
    "sala": "REFERENCIA",
    "estante": "referencias",
    "nivel": "Nivel 1A"
  }
},
{
  "model": "catalog.ubicacion",
  "pk": 12,
  "fields": {
    "sala": "REFERENCIA",
    "estante": "referencias",
    "nivel": "Nivel 1B"
  }
},
{
  "model": "catalog.ubicacion",
  "pk": 13,
  "fields": {
    "sala": "REFERENCIA",
    "estante": "referencias",
    "nivel": "Nivel 2A"
  }
},
{
  "model": "catalog.ubicacion",
  "pk": 14,
  "fields": {
    "sala": "INFANTIL",
    "estante": "infantil",
    "nivel": "Nivel 1B"
  }
},
{
  "model": "catalog.ubicacion",
  "pk": 15,
  "fields": {
    "sala": "INFANTIL",
    "estante": "infantil",
    "nivel": "Nivel 1a"
  }
},
{
  "model": "catalog.ubicacion",
  "pk": 16,
  "fields": {
    "sala": "INFANTIL",
    "estante": "infantil",
    "nivel": "Nivel 2A"
  }
},
{
  "model": "catalog.ubicacion",
  "pk": 17,
  "fields": {
    "sala": "GENERAL",
    "estante": "general",
    "nivel": "Nivel 1A"
  }
},
{
  "model": "catalog.ubicacion",
  "pk": 18,
  "fields": {
    "sala": "GENERAL",
    "estante": "general",
    "nivel": "Nivel 1B"
  }
},
{
  "model": "catalog.ubicacion",
  "pk": 19,
  "fields": {
    "sala": "GENERAL",
    "estante": "general",
    "nivel": "Nivel 2A"
  }
},
{
  "model": "catalog.ubicacion",
  "pk": 20,
  "fields": {
    "sala": "GENERAL",
    "estante": "general",
    "nivel": "Nivel 2B"
  }
},
{
  "model": "catalog.ubicacion",
  "pk": 21,
  "fields": {
    "sala": "GENERAL",
    "estante": "ciencias",
    "nivel": "Nivel 1A"
  }
},
{
  "model": "catalog.ejemplar",
  "pk": "01d1afe9-a94c-44b5-80f7-7cd5ce2f7927",
  "fields": {
    "libro": "80f4aaa2-0687-4691-a4fd-d69efce92918",
    "editorial": 8,
    "ubicacion": 9,
    "codigo_inventario": "000-B928-1997-01",
    "anio_publicacion": 1997,
    "estado": "DISPONIBLE"
  }
},
{
  "model": "catalog.ejemplar",
  "pk": "1146a24f-203f-4fc5-b2c0-27befa397a8e",
  "fields": {
    "libro": "01edf98f-c9d9-4fda-b042-5d28546d7e12",
    "editorial": 7,
    "ubicacion": 11,
    "codigo_inventario": "100-M321-2018-02",
    "anio_publicacion": 2020,
    "estado": "DISPONIBLE"
  }
},
{
  "model": "catalog.ejemplar",
  "pk": "139e03e0-cd3e-4c93-8432-ac7b6d54e82c",
  "fields": {
    "libro": "daea83b0-cde5-49f6-b288-8da7779e1ec9",
    "editorial": 14,
    "ubicacion": 6,
    "codigo_inventario": "300-G643-2004-03",
    "anio_publicacion": 2012,
    "estado": "DISPONIBLE"
  }
},
{
  "model": "catalog.ejemplar",
  "pk": "23411ee5-35d7-4b6c-baf2-e639ec3254fd",
  "fields": {
    "libro": "48b90aba-df11-4b4d-9d67-fcac41641841",
    "editorial": 10,
    "ubicacion": 11,
    "codigo_inventario": "100-B938-2004-02",
    "anio_publicacion": 2009,
    "estado": "DISPONIBLE"
  }
},
{
  "model": "catalog.ejemplar",
  "pk": "275c2a76-459e-4a5f-8e94-be783a46028b",
  "fields": {
    "libro": "4389a838-84e5-4785-8605-700962afafd8",
    "editorial": 8,
    "ubicacion": 8,
    "codigo_inventario": "300-C341-1978-01",
    "anio_publicacion": 2016,
    "estado": "DISPONIBLE"
  }
},
{
  "model": "catalog.ejemplar",
  "pk": "2c21df94-b798-4aea-b007-9304bce49f9d",
  "fields": {
    "libro": "5ddff849-9e8f-416e-94a6-a5708eafac22",
    "editorial": 5,
    "ubicacion": 19,
    "codigo_inventario": "000-L991-2005-01",
    "anio_publicacion": 1997,
    "estado": "DISPONIBLE"
  }
},
{
  "model": "catalog.ejemplar",
  "pk": "31a73ac8-3c0d-4b91-bd23-20f35dc61e21",
  "fields": {
    "libro": "3d0cbf00-476d-40a3-aba9-8a58298fa488",
    "editorial": 5,
    "ubicacion": 11,
    "codigo_inventario": "000-G943-2004-03",
    "anio_publicacion": 2004,
    "estado": "PRESTADO"
  }
},
{
  "model": "catalog.ejemplar",
  "pk": "3af930b8-086a-4e27-9098-85329fdb2fd9",
  "fields": {
    "libro": "0188ff1a-e322-42ef-91ad-f2d53c9e8037",
    "editorial": 7,
    "ubicacion": 13,
    "codigo_inventario": "000-H632-1987-01",
    "anio_publicacion": 1999,
    "estado": "DISPONIBLE"
  }
},
{
  "model": "catalog.ejemplar",
  "pk": "3afce02b-8cd4-4b24-85a0-2e39714e13af",
  "fields": {
    "libro": "71dbbadb-eff4-4773-be7b-59f2100e4c8c",
    "editorial": 7,
    "ubicacion": 20,
    "codigo_inventario": "200-M222-2001-01",
    "anio_publicacion": 2001,
    "estado": "DISPONIBLE"
  }
},
{
  "model": "catalog.ejemplar",
  "pk": "55b6287b-a3ec-4b3f-9e94-7e4214e59fe2",
  "fields": {
    "libro": "2705851b-6873-4ce1-9080-098f4c345695",
    "editorial": 11,
    "ubicacion": 18,
    "codigo_inventario": "100-S211-1991-01",
    "anio_publicacion": 1980,
    "estado": "DISPONIBLE"
  }
},
{
  "model": "catalog.ejemplar",
  "pk": "6961bb59-00b5-4715-8482-78c6129eeccc",
  "fields": {
    "libro": "4389a838-84e5-4785-8605-700962afafd8",
    "editorial": 8,
    "ubicacion": 8,
    "codigo_inventario": "300-C341-2012-02",
    "anio_publicacion": 2012,
    "estado": "DISPONIBLE"
  }
},
{
  "model": "catalog.ejemplar",
  "pk": "6da38fc9-b0d4-41e2-91da-35888076e220",
  "fields": {
    "libro": "86b6ffb6-5435-4069-ac2e-d310b8de719c",
    "editorial": 6,
    "ubicacion": 19,
    "codigo_inventario": "100-N556-2002-01",
    "anio_publicacion": 2002,
    "estado": "DISPONIBLE"
  }
},
{
  "model": "catalog.ejemplar",
  "pk": "73719939-c696-45ec-8f3b-42e7f990ed5c",
  "fields": {
    "libro": "daea83b0-cde5-49f6-b288-8da7779e1ec9",
    "editorial": 14,
    "ubicacion": 8,
    "codigo_inventario": "300-G643-2004-02",
    "anio_publicacion": 2004,
    "estado": "DISPONIBLE"
  }
},
{
  "model": "catalog.ejemplar",
  "pk": "7989cc14-7ec5-4615-9918-6415b26c8acb",
  "fields": {
    "libro": "bbfe4b87-9b34-4148-98b0-8652dbaf5ae8",
    "editorial": 5,
    "ubicacion": 5,
    "codigo_inventario": "000-B346-2004-01",
    "anio_publicacion": 2004,
    "estado": "DISPONIBLE"
  }
},
{
  "model": "catalog.ejemplar",
  "pk": "7ae02b90-7458-4c21-84ec-53ec62adf525",
  "fields": {
    "libro": "0e43a8a1-e00e-4a30-9049-3aa3515e14e6",
    "editorial": 11,
    "ubicacion": 12,
    "codigo_inventario": "100-G543-1996-01",
    "anio_publicacion": 2009,
    "estado": "DISPONIBLE"
  }
},
{
  "model": "catalog.ejemplar",
  "pk": "7b44eb75-ad70-41ce-a594-638366566288",
  "fields": {
    "libro": "b9f518b5-21ae-4ef5-83d8-82b64e56cd5a",
    "editorial": 13,
    "ubicacion": 17,
    "codigo_inventario": "200-B521-1960-01",
    "anio_publicacion": 1960,
    "estado": "DISPONIBLE"
  }
},
{
  "model": "catalog.ejemplar",
  "pk": "8b8aa7a7-20e7-463f-96cf-823cfd313be2",
  "fields": {
    "libro": "3d0cbf00-476d-40a3-aba9-8a58298fa488",
    "editorial": 7,
    "ubicacion": 12,
    "codigo_inventario": "000-G943-2006-02",
    "anio_publicacion": 2006,
    "estado": "DISPONIBLE"
  }
},
{
  "model": "catalog.ejemplar",
  "pk": "9ba47f1a-10f5-4f3c-a6f4-7f005cf71240",
  "fields": {
    "libro": "cb0c948b-a8e1-404d-a405-81aa14a59efc",
    "editorial": 11,
    "ubicacion": 5,
    "codigo_inventario": "300-F821-1985-01",
    "anio_publicacion": 1985,
    "estado": "DISPONIBLE"
  }
},
{
  "model": "catalog.ejemplar",
  "pk": "9c6d46df-e7ec-4bc6-9c4c-b3d22b1ce74a",
  "fields": {
    "libro": "0e43a8a1-e00e-4a30-9049-3aa3515e14e6",
    "editorial": 11,
    "ubicacion": 13,
    "codigo_inventario": "100-G543-1996-02",
    "anio_publicacion": 2014,
    "estado": "DISPONIBLE"
  }
},
{
  "model": "catalog.ejemplar",
  "pk": "a7fac6f2-daa8-4dc1-80db-a5c2dd22ff7e",
  "fields": {
    "libro": "a61eb264-e89b-40ca-91dd-cd28cffc3a12",
    "editorial": 9,
    "ubicacion": 20,
    "codigo_inventario": "000-T148-2009-02",
    "anio_publicacion": 2015,
    "estado": "DISPONIBLE"
  }
},
{
  "model": "catalog.ejemplar",
  "pk": "b2935b3e-f224-47c7-9d8f-e61944c127a9",
  "fields": {
    "libro": "097f2852-aa1d-40d0-8291-773ee41f81a8",
    "editorial": 4,
    "ubicacion": 11,
    "codigo_inventario": "000-A681-1980-01",
    "anio_publicacion": 1980,
    "estado": "DISPONIBLE"
  }
},
{
  "model": "catalog.ejemplar",
  "pk": "b48f6aeb-bbb7-456d-8c6a-794ef8aec764",
  "fields": {
    "libro": "daea83b0-cde5-49f6-b288-8da7779e1ec9",
    "editorial": 14,
    "ubicacion": 6,
    "codigo_inventario": "300-G643-2004-01",
    "anio_publicacion": 2001,
    "estado": "DISPONIBLE"
  }
},
{
  "model": "catalog.ejemplar",
  "pk": "b663cc28-4ba5-4bf7-8dcd-fb0744efb4e4",
  "fields": {
    "libro": "01edf98f-c9d9-4fda-b042-5d28546d7e12",
    "editorial": 7,
    "ubicacion": 18,
    "codigo_inventario": "100-M321-2018-03",
    "anio_publicacion": 2015,
    "estado": "DISPONIBLE"
  }
},
{
  "model": "catalog.ejemplar",
  "pk": "ba8deb86-3dbb-4268-ac09-8fd515c02dd6",
  "fields": {
    "libro": "3d0cbf00-476d-40a3-aba9-8a58298fa488",
    "editorial": 6,
    "ubicacion": 12,
    "codigo_inventario": "000-G943-2004-01",
    "anio_publicacion": 2004,
    "estado": "DISPONIBLE"
  }
},
{
  "model": "catalog.ejemplar",
  "pk": "bb1513d1-bd73-45cd-ad98-995d7f97b508",
  "fields": {
    "libro": "cb0c948b-a8e1-404d-a405-81aa14a59efc",
    "editorial": 9,
    "ubicacion": null,
    "codigo_inventario": "300-F821-1998-02",
    "anio_publicacion": 1998,
    "estado": "DISPONIBLE"
  }
},
{
  "model": "catalog.ejemplar",
  "pk": "bc743e49-c150-4810-ac83-21c4a0c9d465",
  "fields": {
    "libro": "66f175e3-97b4-4b40-bb32-986b30c82272",
    "editorial": 12,
    "ubicacion": 13,
    "codigo_inventario": "100-M654-2010-01",
    "anio_publicacion": 2003,
    "estado": "DISPONIBLE"
  }
},
{
  "model": "catalog.ejemplar",
  "pk": "c8e24787-8e70-498f-a354-9d54ec34e63d",
  "fields": {
    "libro": "a61eb264-e89b-40ca-91dd-cd28cffc3a12",
    "editorial": 9,
    "ubicacion": 13,
    "codigo_inventario": "000-T148-2009-01",
    "anio_publicacion": 2004,
    "estado": "DISPONIBLE"
  }
},
{
  "model": "catalog.ejemplar",
  "pk": "d3c30ef0-63a5-470a-bca4-4a198e507b3a",
  "fields": {
    "libro": "c2ab6c9e-3363-450b-83a4-2414ff4d50ad",
    "editorial": 4,
    "ubicacion": 12,
    "codigo_inventario": "200-C822-1994-01",
    "anio_publicacion": 1994,
    "estado": "DISPONIBLE"
  }
},
{
  "model": "catalog.ejemplar",
  "pk": "dca589bb-af2f-42b7-8278-922be151fb39",
  "fields": {
    "libro": "b9f518b5-21ae-4ef5-83d8-82b64e56cd5a",
    "editorial": 13,
    "ubicacion": 17,
    "codigo_inventario": "200-B521-1955-02",
    "anio_publicacion": 1995,
    "estado": "DISPONIBLE"
  }
},
{
  "model": "catalog.ejemplar",
  "pk": "e42b543f-2605-4142-94e0-561f45c04558",
  "fields": {
    "libro": "097f2852-aa1d-40d0-8291-773ee41f81a8",
    "editorial": 5,
    "ubicacion": 11,
    "codigo_inventario": "000-A681-1980-02",
    "anio_publicacion": 1980,
    "estado": "DISPONIBLE"
  }
},
{
  "model": "catalog.ejemplar",
  "pk": "ef3c5fed-bf2d-4304-9deb-3d6f1eefc07e",
  "fields": {
    "libro": "daea83b0-cde5-49f6-b288-8da7779e1ec9",
    "editorial": 14,
    "ubicacion": 7,
    "codigo_inventario": "300-G643-2008-03",
    "anio_publicacion": 2008,
    "estado": "DISPONIBLE"
  }
},
{
  "model": "catalog.ejemplar",
  "pk": "efedd176-612b-4291-ae40-6d95b6c4a4ce",
  "fields": {
    "libro": "b1267a24-d9ee-40cf-ae83-408c0d322253",
    "editorial": 5,
    "ubicacion": 10,
    "codigo_inventario": "Código: 300-A458-1991-01",
    "anio_publicacion": 2002,
    "estado": "DISPONIBLE"
  }
},
{
  "model": "catalog.ejemplar",
  "pk": "f2e4abb6-b2e9-4f74-ba4d-f43d615e384b",
  "fields": {
    "libro": "e6ebd351-b871-433b-aee9-ff1aa54ffe92",
    "editorial": 5,
    "ubicacion": 5,
    "codigo_inventario": "300-P497-2013-01",
    "anio_publicacion": 2013,
    "estado": "DISPONIBLE"
  }
},
{
  "model": "catalog.ejemplar",
  "pk": "f77c122d-b25d-40d1-915a-ee05bf4b0cb2",
  "fields": {
    "libro": "01edf98f-c9d9-4fda-b042-5d28546d7e12",
    "editorial": 8,
    "ubicacion": 11,
    "codigo_inventario": "100-M321-2018-01",
    "anio_publicacion": 2018,
    "estado": "DISPONIBLE"
  }
},
{
  "model": "catalog.ejemplar",
  "pk": "fadd0a0b-1890-4f7f-9a32-04b118f90d47",
  "fields": {
    "libro": "48b90aba-df11-4b4d-9d67-fcac41641841",
    "editorial": 10,
    "ubicacion": 20,
    "codigo_inventario": "100-B938-2004-01",
    "anio_publicacion": 2006,
    "estado": "DISPONIBLE"
  }
},
{
  "model": "recommendation.historialbusqueda",
  "pk": 1,
  "fields": {
    "usuario": 2,
    "termino_busqueda": "jorge",
    "filtros_usados": {},
    "fecha": "2026-01-13T02:58:51.939Z"
  }
},
{
  "model": "recommendation.historialbusqueda",
  "pk": 2,
  "fields": {
    "usuario": 2,
    "termino_busqueda": "luius",
    "filtros_usados": {},
    "fecha": "2026-01-13T02:59:24.200Z"
  }
},
{
  "model": "recommendation.historialbusqueda",
  "pk": 3,
  "fields": {
    "usuario": 2,
    "termino_busqueda": "luius",
    "filtros_usados": {},
    "fecha": "2026-01-13T03:03:55.926Z"
  }
},
{
  "model": "recommendation.historialbusqueda",
  "pk": 4,
  "fields": {
    "usuario": 2,
    "termino_busqueda": "pi",
    "filtros_usados": {},
    "fecha": "2026-01-21T02:42:42.387Z"
  }
},
{
  "model": "recommendation.historialbusqueda",
  "pk": 5,
  "fields": {
    "usuario": 2,
    "termino_busqueda": "meditaciones",
    "filtros_usados": {},
    "fecha": "2026-01-28T05:54:56.927Z"
  }
},
{
  "model": "recommendation.historialbusqueda",
  "pk": 6,
  "fields": {
    "usuario": 2,
    "termino_busqueda": "luis",
    "filtros_usados": {},
    "fecha": "2026-01-28T05:55:33.158Z"
  }
},
{
  "model": "recommendation.historialbusqueda",
  "pk": 7,
  "fields": {
    "usuario": 2,
    "termino_busqueda": "turismo",
    "filtros_usados": {},
    "fecha": "2026-01-29T07:12:32.776Z"
  }
},
{
  "model": "recommendation.historialbusqueda",
  "pk": 8,
  "fields": {
    "usuario": 2,
    "termino_busqueda": "falcon",
    "filtros_usados": {},
    "fecha": "2026-01-29T07:32:33.569Z"
  }
},
{
  "model": "recommendation.historialbusqueda",
  "pk": 9,
  "fields": {
    "usuario": 2,
    "termino_busqueda": "tulio",
    "filtros_usados": {},
    "fecha": "2026-01-29T07:34:11.795Z"
  }
},
{
  "model": "recommendation.historialbusqueda",
  "pk": 10,
  "fields": {
    "usuario": 2,
    "termino_busqueda": "referencias",
    "filtros_usados": {},
    "fecha": "2026-01-29T07:35:05.670Z"
  }
},
{
  "model": "recommendation.historialbusqueda",
  "pk": 11,
  "fields": {
    "usuario": 2,
    "termino_busqueda": "estadal",
    "filtros_usados": {},
    "fecha": "2026-01-29T07:35:20.739Z"
  }
},
{
  "model": "recommendation.historialbusqueda",
  "pk": 12,
  "fields": {
    "usuario": 2,
    "termino_busqueda": "max",
    "filtros_usados": {},
    "fecha": "2026-01-29T07:35:38.669Z"
  }
},
{
  "model": "recommendation.historialbusqueda",
  "pk": 13,
  "fields": {
    "usuario": 2,
    "termino_busqueda": "meditaciones",
    "filtros_usados": {},
    "fecha": "2026-01-29T07:36:51.523Z"
  }
},
{
  "model": "recommendation.historialbusqueda",
  "pk": 14,
  "fields": {
    "usuario": 2,
    "termino_busqueda": "generalidades",
    "filtros_usados": {},
    "fecha": "2026-01-29T07:38:49.928Z"
  }
},
{
  "model": "recommendation.historialbusqueda",
  "pk": 15,
  "fields": {
    "usuario": 2,
    "termino_busqueda": "max de leon",
    "filtros_usados": {},
    "fecha": "2026-01-29T07:39:37.342Z"
  }
},
{
  "model": "recommendation.historialbusqueda",
  "pk": 16,
  "fields": {
    "usuario": 2,
    "termino_busqueda": "filosofia",
    "filtros_usados": {},
    "fecha": "2026-01-29T07:51:07.750Z"
  }
},
{
  "model": "recommendation.historialbusqueda",
  "pk": 17,
  "fields": {
    "usuario": 2,
    "termino_busqueda": "psicologia del venezolano",
    "filtros_usados": {},
    "fecha": "2026-01-29T07:51:49.129Z"
  }
},
{
  "model": "recommendation.historialbusqueda",
  "pk": 18,
  "fields": {
    "usuario": 2,
    "termino_busqueda": "falcon",
    "filtros_usados": {},
    "fecha": "2026-01-30T15:57:34.078Z"
  }
},
{
  "model": "recommendation.historialbusqueda",
  "pk": 19,
  "fields": {
    "usuario": 7,
    "termino_busqueda": "max",
    "filtros_usados": {},
    "fecha": "2026-01-31T03:27:42.674Z"
  }
},
{
  "model": "recommendation.historialbusqueda",
  "pk": 20,
  "fields": {
    "usuario": 7,
    "termino_busqueda": "generalidades",
    "filtros_usados": {},
    "fecha": "2026-01-31T03:28:03.358Z"
  }
},
{
  "model": "recommendation.historialbusqueda",
  "pk": 21,
  "fields": {
    "usuario": 2,
    "termino_busqueda": "falco",
    "filtros_usados": {},
    "fecha": "2026-01-31T04:43:05.191Z"
  }
},
{
  "model": "recommendation.historialbusqueda",
  "pk": 22,
  "fields": {
    "usuario": 2,
    "termino_busqueda": "falcon",
    "filtros_usados": {},
    "fecha": "2026-01-31T04:43:10.916Z"
  }
},
{
  "model": "recommendation.historialbusqueda",
  "pk": 23,
  "fields": {
    "usuario": 2,
    "termino_busqueda": "estadal",
    "filtros_usados": {},
    "fecha": "2026-01-31T04:43:24.154Z"
  }
}
]
